outcome,month,age_group,Boosted Cases,Boosted Population,Primary Vaccine Cases,Primary Vaccine Population,Un-Vaccinated with Cases,Un-Vaccinated Population,crude_booster_ir,crude_primary_series_only_ir,crude_unvax_ir,crude_booster_irr,crude_irr
case,Sep-21,18-49,119,307241,52609,52473497,170089,34939594,38.73180988,100.2582313,486.8087477,12.56870642,4.855548929
case,Sep-21,50-64,147,376834,28091,30068369,46391,9714056,39.00921891,93.42375704,477.5657048,12.2423806,5.111822944
case,Sep-21,65+,280,878779,27243,29106029,24190,4820712.8,31.86239089,93.59916463,501.7930129,15.74875579,5.361084309
case,Sep-21,all_ages,546,1562854,107943,111647895,240670,49474362.8,34.93608488,96.68162575,486.453966,13.92411221,5.031503786
case,Sep-21,all_ages,7,28692,11003,9567298,240670,49474362.8,24.39704447,115.0063477,486.453966,19.93905313,4.229801014
case,Sep-21,all_ages,202,685545,35197,44214235,240670,49474362.8,29.46560766,79.60558404,486.453966,16.50921209,6.110802048
case,Sep-21,all_ages,334,843948,61644,57790888,240670,49474362.8,39.57589804,106.6673348,486.453966,12.29167221,4.560477365
case,Sep-21,18-49,153,373796,49759,53423700,142930,34270943,40.93141714,93.14031039,417.0588478,10.18921105,4.477748099
case,Sep-21,50-64,159,455661,26669,30300581,40212,9522246,34.89436226,88.01481397,422.2953282,12.10210765,4.798002849
case,Sep-21,65+,312,1069305,25679,29037813,21558,4630749.800000001,29.17783046,88.43296842,465.5401594,15.95526988,5.264328086
case,Sep-21,all_ages,624,1898762,102107,112762094,204700,48423938.8,32.86351844,90.55081932,422.7248032,12.86304155,4.668370826
case,Sep-21,all_ages,12,33189,10218,9649337,204700,48423938.8,36.1565579,105.8932857,422.7248032,11.69151125,3.99198873
case,Sep-21,all_ages,221,818346,33370,44592911,204700,48423938.8,27.00569197,74.83252215,422.7248032,15.65317429,5.648945019
case,Sep-21,all_ages,389,1041557,58439,58444572,204700,48423938.8,37.34793199,99.99046618,422.7248032,11.31855984,4.227651089
case,Oct-21,18-49,198,442130,47005,54290995,125308,33684533,44.78320856,86.57973574,372.0045636,8.306786754,4.296670121
case,Oct-21,50-64,180,535682,25087,30502674,35913,9350144,33.60202508,82.2452484,384.0903413,11.43057123,4.670061174
case,Oct-21,65+,368,1337729,24113,28882681,19468,4466268.800000001,27.50930869,83.48601711,435.889573,15.84516637,5.221108733
case,Oct-21,all_ages,746,2315541,96205,113676350,180689,47500945.8,32.21709311,84.63062018,380.3903206,11.80709629,4.494712667
case,Oct-21,all_ages,12,36973,9711,9724228,180689,47500945.8,32.45611663,99.86396864,380.3903206,11.72014277,3.809084756
case,Oct-21,all_ages,249,947759,32029,44876270,180689,47500945.8,26.27250177,71.37179628,380.3903206,14.47864859,5.329700812
case,Oct-21,all_ages,485,1324327,54389,59000740,180689,47500945.8,36.62237499,92.18358956,380.3903206,10.38682829,4.126442921
case,Oct-21,18-49,216,701625,42657,54797007,106654,33166535,30.78567611,77.84549255,321.5711258,10.44547876,4.130889475
case,Oct-21,50-64,193,782716,23040,30485292,31320,9194218,24.65773026,75.57742927,340.648873,13.81509447,4.507283144
case,Oct-21,65+,487,2499495,21283,27847757,17678,4328796.800000001,19.48393576,76.42626298,408.3813775,20.95990167,5.343469137
case,Oct-21,all_ages,896,3983836,86980,113130056,155652,46689549.8,22.49088567,76.8849615,333.3765279,14.82273899,4.336043374
case,Oct-21,all_ages,8,40706,8869,9791777,155652,46689549.8,19.65312239,90.57600066,333.3765279,16.96303118,3.680627599
case,Oct-21,all_ages,226,1058172,29705,45094797,155652,46689549.8,21.35758648,65.87234443,333.3765279,15.60927908,5.060948274
case,Oct-21,all_ages,662,2876209,48314,58169953,155652,46689549.8,23.01640806,83.05662547,333.3765279,14.48429864,4.013846288
case,Oct-21,18-49,252,1069883,40708,55120485,97059,32697573,23.5539774,73.85276091,296.8385452,12.60248068,4.01932902
case,Oct-21,50-64,269,1146408,22259,30328268,28115,9045243,23.4645955,73.3935746,310.8263648,13.24661082,4.235062353
case,Oct-21,65+,675,3728867,19319,26735539,16029,4216317.5,18.10201329,72.25962417,380.1658675,21.00130308,5.261110501
case,Oct-21,all_ages,1196,5945158,82286,112184292,141203,45959133.5,20.11721135,73.34894978,307.2359926,15.27229531,4.188689729
case,Oct-21,all_ages,6,45170,8628,9855790,141203,45959133.5,13.28315254,87.54244967,307.2359926,23.12974964,3.509565859
case,Oct-21,all_ages,256,1166966,28734,45231338,141203,45959133.5,21.93722868,63.52675218,307.2359926,14.00523271,4.836324573
case,Oct-21,all_ages,934,4721345,44835,57025743,141203,45959133.5,19.78249842,78.62238638,307.2359926,15.53069719,3.907741888
case,Oct-21,18-49,440,1423252,43219,55360474,97195,32219370,30.91511552,78.06833446,301.6663578,9.75789198,3.864132109
case,Oct-21,50-64,381,1524735,22827,30126357,28084,8858249,24.98794873,75.77086071,317.0378254,12.6876291,4.184165554
case,Oct-21,65+,846,4728768,18863,25833845,15424,4039875.8,17.89049495,73.01661832,381.7939155,21.34060107,5.228863296
case,Oct-21,all_ages,1667,7676755,84909,111320676,140703,45117494.8,21.71490428,76.27424038,311.8590707,14.36152178,4.088655215
case,Oct-21,all_ages,14,48800,9019,9916793,140703,45117494.8,28.68852459,90.94674054,311.8590707,10.87051618,3.429029659
case,Oct-21,all_ages,335,1259990,30507,45368554,140703,45117494.8,26.5875126,67.24261038,311.8590707,11.72953166,4.637819218
case,Oct-21,all_ages,1313,6354436,45255,55965229,140703,45117494.8,20.66273073,80.86270852,311.8590707,15.09282944,3.856648836
case,Nov-21,18-49,699,1796926,50707,55511547,99374,31737200,38.89976549,91.34495928,313.1152087,8.049282681,3.427832375
case,Nov-21,50-64,484,1946845,23998,29860193,27928,8665592,24.86073622,80.36786634,322.2861173,12.96365942,4.010136538
case,Nov-21,65+,1087,5690504,17960,24962729,14884,3884542.8,19.1019987,71.94726186,383.1596346,20.05861484,5.325562429
case,Nov-21,all_ages,2270,9434275,92665,110334469,142186,44287334.8,24.06120237,83.98554037,321.0534132,13.34319908,3.822722481
case,Nov-21,all_ages,19,77040,10385,9955332,142186,44287334.8,24.66251298,104.3159585,321.0534132,13.01787103,3.077701799
case,Nov-21,all_ages,373,1492804,32619,45346609,142186,44287334.8,24.98653541,71.93261132,321.0534132,12.84905682,4.463252582
case,Nov-21,all_ages,1874,7849145,49546,54963791,142186,44287334.8,23.87521189,90.14298159,321.0534132,13.44714404,3.561601886
case,Nov-21,18-49,911,2484728,55574,55293043,107727,31284395,36.66397288,100.5081236,344.3473975,9.391982659,3.426065328
case,Nov-21,50-64,739,2764675,27036,29193647,31107,8486192,26.73008582,92.60918994,366.5601721,13.71339302,3.958140357
case,Nov-21,65+,1428,7724792,18534,23060036,16106,3760248.15,18.48593464,80.37281468,428.3227957,23.17019962,5.329199896
case,Nov-21,all_ages,3078,12974195,101144,107546726,154940,43530835.15,23.72401525,94.04656354,355.9316045,15.00300859,3.784631688
case,Nov-21,all_ages,102,338063,11397,9769516,154940,43530835.15,30.17189104,116.6587987,355.9316045,11.79679471,3.051048087
case,Nov-21,all_ages,642,3335602,35627,43752829,154940,43530835.15,19.24690056,81.4278775,355.9316045,18.49293103,4.37112713
case,Nov-21,all_ages,2323,9281642,54020,53958741,154940,43530835.15,25.02789916,100.1135293,355.9316045,14.22139358,3.555279759
case,Nov-21,18-49,1369,3391469,60069,54826658,114262,30801507,40.3659889,109.5616662,370.9623688,9.189973514,3.385877395
case,Nov-21,50-64,1097,3763879,29797,28341046,34508,8286050,29.14546403,105.1372628,416.4589883,14.28898123,3.961097877
case,Nov-21,65+,1903,9784711,19183,21123748,18265,3643728,19.44870932,90.81248271,501.2723233,25.77406629,5.519861459
case,Nov-21,all_ages,4369,16940059,109049,104291452,167035,42731285,25.79093733,104.5617813,390.8962719,15.1563422,3.738423991
case,Nov-21,all_ages,205,650082,12449,9545705,167035,42731285,31.53448334,130.4146734,390.8962719,12.39583562,2.997333518
case,Nov-21,all_ages,1122,5594994,37357,41736085,167035,42731285,20.05364081,89.50767663,390.8962719,19.49253383,4.367181527
case,Nov-21,all_ages,3032,10671927,59151,52947835,167035,42731285,28.41098894,111.7156159,390.8962719,13.75862955,3.499029823
case,Nov-21,18-49,1655,4431350,54773,54179980,100906,30324088,37.34753518,101.0945371,332.7585647,8.909786501,3.291558319
case,Nov-21,50-64,1240,4771677,26983,27462652,31475,8080329,25.98667093,98.25343889,389.5262185,14.98946208,3.964504683
case,Nov-21,65+,2136,11464643,16871,19544297,17568,3569274,18.63119506,86.32185645,492.200935,26.41810863,5.701927128
case,Nov-21,all_ages,5031,20667670,98627,101186929,149949,41973691,24.3423666,97.47009913,357.2452087,14.67586182,3.665177443
case,Nov-21,all_ages,259,935148,11101,9343907,149949,41973691,27.69615077,118.8046927,357.2452087,12.89873137,3.006995772
case,Nov-21,all_ages,1420,7674502,32963,39864978,149949,41973691,18.50282924,82.6866128,357.2452087,19.30759907,4.320472161
case,Nov-21,all_ages,3335,12031880,54483,51919047,149949,41973691,27.7180291,104.9383668,357.2452087,12.88855017,3.404333605
case,Dec-21,18-49,2991,5671933,84591,53310997,156554,29849357,52.73334505,158.6745789,524.4803096,9.945894937,3.30538334
case,Dec-21,50-64,2311,5955261,39387,26407845,45544,7877074.3,38.80602378,149.1488609,578.1842124,14.8993418,3.876558017
case,Dec-21,65+,3738,13013666,22571,18090435,23565,3485645,28.72365097,124.7675913,676.05852,23.53665002,5.418542693
case,Dec-21,all_ages,9040,24640860,146549,97809277,225663,41212076.3,36.68703122,149.8313907,547.5652291,14.92530769,3.654542792
case,Dec-21,all_ages,563,1218076,16421,9138094,225663,41212076.3,46.22043288,179.6983047,547.5652291,11.84682174,3.04713631
case,Dec-21,all_ages,2630,9746061,47748,37991254,225663,41212076.3,26.98526102,125.6815582,547.5652291,20.29127043,4.356766713
case,Dec-21,all_ages,5819,13647677,82237,50623433,225663,41212076.3,42.63729278,162.4484851,547.5652291,12.84240141,3.370700741
case,Dec-21,18-49,4018,7116867,77452,52195074,142523,29292283,56.45742712,148.3894821,486.5547694,8.618082583,3.278903346
case,Dec-21,50-64,2698,7242160,34758,25237775,43200,7650425.3,37.25407889,137.7221249,564.6744894,15.15738695,4.100100038
case,Dec-21,65+,3700,14182274,18703,16993803,22854,3407501,26.08890507,110.0577664,670.6967951,25.70812357,6.094043313
case,Dec-21,all_ages,10416,28541301,130913,94426652,208577,40350209.3,36.49448215,138.6398832,516.9167735,14.16424465,3.728485351
case,Dec-21,all_ages,683,1474086,14501,8949326,208577,40350209.3,46.33379599,162.0345487,516.9167735,11.15636572,3.190163934
case,Dec-21,all_ages,3165,11615997,42842,36286801,208577,40350209.3,27.24690786,118.064968,516.9167735,18.97157564,4.378240066
case,Dec-21,all_ages,6537,15419300,73451,49136790,208577,40350209.3,42.39492065,149.4826992,516.9167735,12.192894,3.45803746
case,Dec-21,18-49,17555,8626600,161969,51002040,205211,28767563,203.4984814,317.5735716,713.3416202,3.505390385,2.246224762
case,Dec-21,50-64,7193,8553709,46673,24041546,48439,7459180.650000001,84.09217569,194.1347699,649.3876777,7.722331744,3.345035401
case,Dec-21,65+,6717,15222881,20019,16022778,23292,3346808.850000001,44.12436779,124.940881,695.9465283,15.77238527,5.570206665
case,Dec-21,all_ages,31465,32403190,228661,91066364,276942,39573552.5,97.10463692,251.0927086,699.8158682,7.206822356,2.787081601
case,Dec-21,all_ages,2153,1720473,22319,8766761,276942,39573552.5,125.1400051,254.5866141,699.8158682,5.592263382,2.748832143
case,Dec-21,all_ages,9701,13437454,72587,34627404,276942,39573552.5,72.19373551,209.6229911,699.8158682,9.693581628,3.338449969
case,Dec-21,all_ages,19561,17210837,133622,47620826,276942,39573552.5,113.6551348,280.5957209,699.8158682,6.157362526,2.494036139
case,Dec-21,18-49,50931,10689831,362848,49298223,382462,28184696,476.4434536,736.0265298,1356.984656,2.848154688,1.843662695
case,Dec-21,50-64,24876,10191590,96995,22536148,77537,7260709.650000001,244.0836023,430.397422,1067.89837,4.375133602,2.481191372
case,Dec-21,65+,19789,16391767,32395,14930785,33735,3292930.850000001,120.7252397,216.9678286,1024.467307,8.485941379,4.721747523
case,Dec-21,all_ages,95596,37273188,492238,86765156,493734,38738336.5,256.4739029,567.3222094,1274.535885,4.969456427,2.246582038
case,Dec-21,all_ages,6163,2027436,41562,8534291,493734,38738336.5,303.9800023,487.0000332,1274.535885,4.192828066,2.617116629
case,Dec-21,all_ages,30891,15648546,158050,32601310,493734,38738336.5,197.4049218,484.7964698,1274.535885,6.456454445,2.629012306
case,Dec-21,all_ages,58444,19559737,292429,45581136,493734,38738336.5,298.7974736,641.5570687,1274.535885,4.265551076,1.986629011
case,Dec-21,17-Dec,511,119592,86430,8848802,97464,7149315,427.2861061,976.7423884,1363.263473,3.190516738,1.395724696
case,Dec-21,18-49,120051,12626398,738458,47698280,808219,27701016,950.793726,1548.185805,2917.651107,3.068647833,1.884561335
case,Dec-21,50-64,76083,11503532,237185,21330069,184137,7121955.650000001,661.3881719,1111.974837,2585.483666,3.909177357,2.325127853
case,Dec-21,65+,68955,17229984,85967,14201167,79578,3222357.850000001,400.2035057,605.3516588,2469.558122,6.170755845,4.079543
case,Dec-21,all_ages,265600,41479506,1148040,92078318,1169398,45194644.5,640.3162082,1246.808179,2587.470292,4.04092581,2.075275359
case,Dec-21,all_ages,15910,2293148,84388,8340644,1169398,45194644.5,693.8060692,1011.768396,2587.470292,3.729385497,2.557374101
case,Dec-21,all_ages,90935,17402332,358417,31052468,1169398,45194644.5,522.5449095,1154.230318,2587.470292,4.951670651,2.241727888
case,Dec-21,all_ages,158463,21744084,704705,52635034,1169398,45194644.5,728.763741,1338.85161,2587.470292,3.550492631,1.932604236
case,Jan-22,17-Dec,2483,279724,167014,9019474,178593,7281325,887.6606941,1851.704434,2452.754135,2.763166321,1.324592678
case,Jan-22,18-49,212916,15005812,948059,47231512,1060588,28319139,1418.890227,2007.259475,3745.127986,2.639476905,1.865791659
case,Jan-22,50-64,123414,13083659,302519,20744052,257555,7264320.05,943.2682402,1458.340926,3545.4798,3.758718516,2.431173491
case,Jan-22,65+,103500,18560479,116208,13949921,116791,3333101.850000001,557.6364705,833.0369756,3503.973333,6.283615794,4.206263871
case,Jan-22,all_ages,442313,46929674,1533800,90944959,1613527,46197885.9,942.5017527,1686.514587,3492.642506,3.705714601,2.07092339
case,Jan-22,all_ages,27693,2625414,111475,8351348,1613527,46197885.9,1054.805071,1334.814452,3492.642506,3.311173413,2.616575287
case,Jan-22,all_ages,154054,19614130,471423,30452729,1613527,46197885.9,785.4235696,1548.048452,3492.642506,4.446826708,2.256158392
case,Jan-22,all_ages,260014,24642518,950119,52089001,1613527,46197885.9,1055.143797,1824.029991,3492.642506,3.310110449,1.914794452
case,Jan-22,17-Dec,3271,419358,161753,8943238,199112,7162530,780.0018123,1808.66259,2779.911568,3.563980908,1.536998434
case,Jan-22,18-49,186428,16566845,703477,45929378,857402,27769889,1125.307806,1531.649307,3087.524044,2.743715122,2.015816564
case,Jan-22,50-64,111028,13985824,240912,19927165,225211,7122788.05,793.8609838,1208.96274,3161.83773,3.982860721,2.615330998
case,Jan-22,65+,99330,19070865,103693,13481249,110596,3294346.850000001,520.846852,769.1646375,3357.144983,6.445551068,4.364663714
case,Jan-22,all_ages,400057,50042892,1209835,88281030,1392321,45349553.9,799.4282185,1370.435982,3070.197786,3.840492136,2.240307339
case,Jan-22,all_ages,25422,2838979,88635,8172414,1392321,45349553.9,895.4627702,1084.563264,3070.197786,3.428615782,2.830814844
case,Jan-22,all_ages,142928,20846185,373435,29347689,1392321,45349553.9,685.6314477,1272.451129,3070.197786,4.477912728,2.412821771
case,Jan-22,all_ages,231192,26308488,747173,50710571,1392321,45349553.9,878.773421,1473.406797,3070.197786,3.493730822,2.083740751
case,Jan-22,17-Dec,3272,621294,110710,8821919,141459,7046740,526.642781,1254.942377,2007.438901,3.811765723,1.599626355
case,Jan-22,18-49,160029,18177127,491886,44604781,632710,27336019,880.386653,1102.765195,2314.565263,2.629032659,2.098874061
case,Jan-22,50-64,91684,14860070,171178,19142078,174169,7021498.05,616.9822888,894.2498301,2480.510551,4.020391827,2.773845147
case,Jan-22,65+,85758,19564803,82695,13030890,93178,3263538.850000001,438.3279505,634.6074597,2855.121519,6.513665205,4.499035547
case,Jan-22,all_ages,340743,53223294,856469,85599668,1041516,44667795.9,640.2140386,1000.551778,2331.69329,3.642052735,2.330407423
case,Jan-22,all_ages,21826,3058477,63990,7991753,1041516,44667795.9,713.623153,800.700422,2331.69329,3.267401402,2.912067018
case,Jan-22,all_ages,125039,22074163,274095,28267823,1041516,44667795.9,566.4495637,969.6360417,2331.69329,4.116329926,2.404709799
case,Jan-22,all_ages,193515,28039734,518008,49291243,1041516,44667795.9,690.145634,1050.912837,2331.69329,3.378552548,2.218731382
case,Jan-22,17-Dec,3449,1049251,59344,8486162,81978,6955250,328.7106708,699.3031714,1178.649222,3.585673745,1.685462429
case,Jan-22,18-49,114710,19793872,278691,43280474,402745,26965602,579.5227937,643.9185486,1493.550932,2.577208262,2.319471827
case,Jan-22,50-64,66465,15686738,102994,18404366,121278,6936888.05,423.7018557,559.6172126,1748.305568,4.126263655,3.12410971
case,Jan-22,65+,66874,20038086,56522,12600758,72737,3235717.850000001,333.7344695,448.5603168,2247.940129,6.735714571,5.011455638
case,Jan-22,all_ages,251498,56567947,497551,82771760,678738,44093457.9,444.5945334,601.1120218,1539.316788,3.462293557,2.560781905
case,Jan-22,all_ages,15357,3276356,38696,7816772,678738,44093457.9,468.7219582,495.0381052,1539.316788,3.284072277,3.109491516
case,Jan-22,all_ages,93516,23263468,163345,27223620,678738,44093457.9,401.9864966,600.0120484,1539.316788,3.829274867,2.565476464
case,Jan-22,all_ages,142389,29975536,295293,47684057,678738,44093457.9,475.0173608,619.2698746,1539.316788,3.240548484,2.485696223
case,Feb-22,17-Dec,2632,1433000,29007,8186746,41393,6885906,183.6706211,354.316599,601.1264168,3.272850134,1.69657989
case,Feb-22,18-49,69667,21025251,140294,42299628,212864,26677734,331.3491953,331.6672194,797.9088479,2.408060316,2.405751311
case,Feb-22,50-64,40292,16287560,53365,17877417,68251,6877973.700000002,247.3789813,298.5050916,992.3126051,4.011305245,3.324273632
case,Feb-22,65+,44290,20380395,33656,12293143,46055,3215921.850000001,217.3166909,273.7786423,1432.093258,6.589890783,5.230843597
case,Feb-22,all_ages,156881,59126206,256322,80656934,368563,43657535.550000004,265.3324314,317.7928881,844.2139378,3.181721636,2.656490971
case,Feb-22,all_ages,9201,3441532,20469,7682744,368563,43657535.550000004,267.3518654,266.4282449,844.2139378,3.157688601,3.168635285
case,Feb-22,all_ages,59207,24127684,84795,26482260,368563,43657535.550000004,245.390316,320.1954818,844.2139378,3.440290357,2.636557933
case,Feb-22,all_ages,88308,31503232,150932,46445699,368563,43657535.55,280.314096,324.9644278,844.2139378,3.011671371,2.597865691
case,Feb-22,17-Dec,1962,1690268,15557,8017237,22019,6819322,116.0762672,194.0444071,322.8913373,2.781717099,1.664007441
case,Feb-22,18-49,45619,21982680,77204,41592232,120177,26423469,207.5224677,185.6211997,454.8115919,2.191625789,2.450213622
case,Feb-22,50-64,25682,16748553,30383,17485727,40119,6828402.700000002,153.3386198,173.7588606,587.5312538,3.831593468,3.381302409
case,Feb-22,65+,30183,20651165,21416,12053793,30611,3197501.85,146.1564033,177.6702155,957.3411193,6.550114109,5.388303923
case,Feb-22,all_ages,103446,61072666,144560,79148989,212926,43268695.550000004,169.3818311,182.6428888,492.1017315,2.905280502,2.694338305
case,Feb-22,all_ages,5885,3569503,11904,7581131,212926,43268695.550000004,164.8688907,157.021426,492.1017315,2.984806469,3.133978236
case,Feb-22,all_ages,39061,24779340,47799,25941577,212926,43268695.550000004,157.6353527,184.2563388,492.1017315,3.121772643,2.670745195
case,Feb-22,all_ages,58388,32669252,84751,45580788,212926,43268695.550000004,178.7246307,185.9357938,492.1017315,2.75340746,2.646621833
case,Feb-22,17-Dec,1364,1859611,8467,7932240,11567,6772458,73.34867346,106.7416014,170.79471,2.328531682,1.600076332
case,Feb-22,18-49,28773,22663048,42842,41163181,68910,26219969,126.9599747,104.0784482,262.814956,2.070061503,2.525162132
case,Feb-22,50-64,15817,17075655,16753,17222926,22765,6791680.700000002,92.6289504,97.27150892,335.1894915,3.618625603,3.445916437
case,Feb-22,65+,19192,20845052,12824,11887385,18427,3184422.85,92.0698111,107.8790668,578.6605884,6.285019829,5.363974734
case,Feb-22,all_ages,65146,62443366,80886,78205732,121669,42968530.550000004,104.3281363,103.4272015,283.1583916,2.714113389,2.737755519
case,Feb-22,all_ages,3581,3664225,6639,7508084,121669,42968530.55,97.7287148,88.42468997,283.1583916,2.89739195,3.202254842
case,Feb-22,all_ages,24865,25234297,27025,25598111,121669,42968530.550000004,98.53652749,105.5741965,283.1583916,2.87363883,2.682079533
case,Feb-22,all_ages,36628,33489658,47169,45054595,121669,42968530.550000004,109.3710781,104.6929841,283.1583916,2.588969557,2.704654891
case,Feb-22,17-Dec,799,1983225,4049,7887331,5866,6728297,40.28791489,51.33548979,87.18402294,2.164024204,1.698318713
case,Feb-22,18-49,19399,23182029,24193,40883431,41019,26042676,83.68119978,59.17556186,157.5068553,1.882225108,2.661687534
case,Feb-22,50-64,10323,17331021,9522,17026367,13455,6759475.700000002,59.56371526,55.92502499,199.0539,3.341865079,3.559299259
case,Feb-22,65+,13088,20998463,7758,11759407,11590,3173405.850000001,62.32837137,65.97271444,365.2227464,5.859654895,5.535966642
case,Feb-22,all_ages,43609,63494738,45522,77556536,71930,42703854.550000004,68.6812819,58.69524652,168.4391275,2.452475009,2.869723486
case,Feb-22,all_ages,2286,3738284,3680,7453897,71930,42703854.55,61.15105219,49.37014826,168.4391275,2.754476357,3.411760617
case,Feb-22,all_ages,16546,25585222,15256,25368696,71930,42703854.550000004,64.67014435,60.13710756,168.4391275,2.604588704,2.80091834
case,Feb-22,all_ages,24743,34115592,26558,44689388,71930,42703854.55,72.52695483,59.42797874,168.4391275,2.32243485,2.834340508
case,Mar-22,17-Dec,809,2080280,3003,7853778,4151,6691111,38.88899571,38.2363749,62.03753009,1.595246392,1.622474156
case,Mar-22,18-49,15231,23619112,16286,40651878,27187,25887146,64.48591293,40.0621098,105.0212333,1.628591867,2.621460373
case,Mar-22,50-64,7747,17540864,6440,16864687,9260,6732062.700000002,44.16544134,38.18630017,137.5507094,3.114442089,3.602095746
case,Mar-22,65+,9589,21122661,5277,11657062,8000,3163260.85,45.39674239,45.26869635,252.9035821,5.570963218,5.586721122
case,Mar-22,all_ages,33376,64362917,31006,77027405,48598,42473580.550000004,51.8559468,40.25320599,114.4193623,2.206484875,2.842490666
case,Mar-22,all_ages,1741,3801573,2574,7410496,48598,42473580.55,45.796832,34.7345171,114.4193623,2.498412167,3.294111214
case,Mar-22,all_ages,12375,25874272,10305,25177264,48598,42473580.550000004,47.82743259,40.9297849,114.4193623,2.392337537,2.79550363
case,Mar-22,all_ages,19220,34631091,18111,44395378,48598,42473580.550000004,55.49926221,40.79478724,114.4193623,2.061637537,2.80475448
case,Mar-22,17-Dec,686,2179302,2099,7807673,2867,6662763,31.47796863,26.88381032,43.03019633,1.366994066,1.600598867
case,Mar-22,18-49,12584,24015861,11421,40423469,18972,25764042,52.39870434,28.25338914,73.63751387,1.405330815,2.606324979
case,Mar-22,50-64,6033,17716973,4285,16727775,6250,6710779.700000002,34.05209231,25.61607865,93.13373825,2.735037172,3.635753135
case,Mar-22,65+,7219,21220158,3466,11577496,5269,3155572.85,34.01953935,29.93738888,166.974437,4.90819218,5.577454923
case,Mar-22,all_ages,26522,65132294,21271,76536413,33358,42293157.550000004,40.72019941,27.79200013,78.87327864,1.936957082,2.83798497
case,Mar-22,all_ages,1366,3854173,1746,7373931,33358,42293157.550000004,35.44210392,23.67800838,78.87327864,2.225411866,3.331077402
case,Mar-22,all_ages,9694,26119591,6920,25006011,33358,42293157.550000004,37.11390427,27.67334622,78.87327864,2.125167917,2.850153285
case,Mar-22,all_ages,15437,35102219,12587,44112473,33358,42293157.550000004,43.97727676,28.53387975,78.87327864,1.793500745,2.764197485
case,Mar-22,17-Dec,821,2249887,2118,7779675,2834,6635152,36.49072153,27.22478767,42.71190773,1.170486796,1.568861005
case,Mar-22,18-49,13204,24342668,10248,40240260,16571,25650468,54.2422055,25.46703227,64.60310978,1.191011855,2.536734908
case,Mar-22,50-64,6443,17854791,3741,16622314,5411,6691052.700000001,36.08555261,22.50589178,80.86918819,2.241040592,3.593245226
case,Mar-22,65+,6716,21302807,2854,11510325,4581,3147345.85,31.52636176,24.79512959,145.551211,4.616809644,5.870153269
case,Mar-22,all_ages,27184,65750153,18961,76152574,29397,42124018.55,41.34439048,24.89869876,69.78678913,1.687938516,2.802828766
case,Mar-22,all_ages,1331,3896197,1579,7345664,29397,42124018.550000004,34.16151699,21.49567418,69.78678913,2.042848073,3.246550378
case,Mar-22,all_ages,10047,26319173,5958,24869213,29397,42124018.55,38.17369186,23.95733231,69.78678913,1.828138326,2.912961604
case,Mar-22,all_ages,15763,35478199,11413,43893902,29397,42124018.550000004,44.43010199,26.00133385,69.78678913,1.570709632,2.683969581
case,Mar-22,17-Dec,973,2305374,2142,7757947,2687,6603261,42.20573321,27.61039744,40.69201566,0.964134788,1.473793188
case,Mar-22,18-49,17676,24567341,11472,40132438,17202,25546476,71.94917838,28.58535532,67.33609755,0.935884176,2.355615202
case,Mar-22,50-64,7754,17955237,3903,16547599,5083,6671922.700000002,43.1851721,23.5865034,76.18493542,1.764145694,3.230022447
case,Mar-22,65+,7623,21367384,2705,11458200,3834,3140037.85,35.67586935,23.60754743,122.100439,3.422493725,5.172093347
case,Mar-22,all_ages,34026,66195336,20222,75896184,28806,41961697.550000004,51.402413,26.64429084,68.64831902,1.335507713,2.576473866
case,Mar-22,all_ages,1602,3926164,1635,7327102,28806,41961697.550000004,40.80318601,22.31441571,68.64831902,1.682425461,3.076411227
case,Mar-22,all_ages,12273,26463226,6226,24776386,28806,41961697.55,46.37756561,25.12876575,68.64831902,1.480205313,2.73186195
case,Mar-22,all_ages,20115,35749156,12345,43749079,28806,41961697.550000004,56.26706264,28.21773688,68.64831902,1.220044477,2.432807397
case,Mar-22,17-Dec,1128,2358372,2235,7734448,2502,6586280,47.82960449,28.89669696,37.98806003,0.794237386,1.314615995
case,Mar-22,18-49,21358,24766707,13680,40035994,19787,25457184,86.23673708,34.1692528,77.72658594,0.901316406,2.274752287
case,Mar-22,50-64,9808,18045875,4535,16479258,5399,6652162.700000002,54.35037093,27.51944293,81.16157472,1.493303051,2.949244828
case,Mar-22,65+,8899,21427332,2990,11409713,4013,3124636.850000001,41.53106882,26.20574242,128.4309247,3.092405959,4.900869536
case,Mar-22,all_ages,41193,66598286,23440,75659413,31701,41820263.550000004,61.85294318,30.98094351,75.80296562,1.225535305,2.446761042
case,Mar-22,all_ages,1979,3952771,1939,7311078,31701,41820263.55,50.06614347,26.52139671,75.80296562,1.514056413,2.858181507
case,Mar-22,all_ages,14975,26591945,7075,24693015,31701,41820263.550000004,56.31404548,28.65182725,75.80296562,1.346075654,2.645659035
case,Mar-22,all_ages,24206,35996580,14412,43611855,31701,41820263.55,67.24527719,33.04606053,75.80296562,1.12726081,2.293857858
case,Apr-22,17-Dec,1578,2404071,2816,7714777,3073,6568815,65.63866042,36.50137911,46.78164935,0.71271487,1.281640598
case,Apr-22,18-49,28651,24951103,17115,39937601,24268,25371941,114.8285909,42.85435172,95.64896907,0.832971721,2.231954638
case,Apr-22,50-64,13568,18135171,5968,16409250,6823,6627894.700000002,74.81594742,36.36973049,102.9436995,1.375959311,2.83047738
case,Apr-22,65+,12655,21489550,3587,11358788,4831,3098670.85,58.88908795,31.5790734,155.9055554,2.647443879,4.936989552
case,Apr-22,all_ages,56452,66979895,29486,75420416,38995,41667321.550000004,84.28200731,39.09551493,93.58652908,1.110397487,2.393791954
case,Apr-22,all_ages,2567,3977248,2325,7296776,38995,41667321.550000004,64.54211555,31.86338734,93.58652908,1.450007151,2.937118019
case,Apr-22,all_ages,20354,26717116,8967,24604868,38995,41667321.55,76.18337249,36.44400775,93.58652908,1.228437729,2.567953825
case,Apr-22,all_ages,33484,36228343,18181,43475473,38995,41667321.550000004,92.42487298,41.81898148,93.58652908,1.012568652,2.237895945
case,Apr-22,17-Dec,1953,2443753,3371,7695905,3383,6555621,79.91806046,43.80251575,51.60456958,0.645718493,1.178118852
case,Apr-22,18-49,36696,25120715,22651,39842986,30318,25284073,146.0786447,56.85065873,119.9094782,0.820855632,2.10920121
case,Apr-22,50-64,18631,18241689,7950,16326023,8650,6601904.700000002,102.1341829,48.695264,131.0227941,1.282849585,2.690668113
case,Apr-22,65+,17408,21607597,4855,11266461,6287,3071692.85,80.5642571,43.09250261,204.6754121,2.540523794,4.749675692
case,Apr-22,all_ages,74688,67413754,38827,75131375,48638,41513291.550000004,110.7904479,51.67880929,117.1624754,1.057514232,2.267127997
case,Apr-22,all_ages,3251,4001982,3081,7281661,48638,41513291.55,81.23474818,42.31177475,117.1624754,1.442270433,2.769027679
case,Apr-22,all_ages,27121,26875885,11930,24488268,48638,41513291.550000004,100.9120258,48.71720613,117.1624754,1.161035808,2.404950626
case,Apr-22,all_ages,44240,36478502,23788,43318292,48638,41513291.55,121.2769099,54.91444584,117.1624754,0.966074049,2.13354562
case,Apr-22,17-Dec,2075,2475273,3730,7681361,3751,6537138,83.82913723,48.559103,57.37985033,0.684485755,1.181649717
case,Apr-22,18-49,41648,25265804,27328,39763582,36288,25212229,164.8394011,68.72620279,143.9301539,0.873153827,2.094254419
case,Apr-22,50-64,21486,18368317,9561,16238134,10429,6579225.700000001,116.9731555,58.8799181,158.5140938,1.355132237,2.692158871
case,Apr-22,65+,21830,21821976,6289,11134250,7706,3047200.85,100.0367703,56.48337338,252.8878265,2.527948732,4.477208273
case,Apr-22,all_ages,87039,67931370,46908,74817327,58174,41375793.55,128.1278443,62.69670661,140.5991161,1.097334594,2.242527936
case,Apr-22,all_ages,3943,4027727,3657,7264581,58174,41375793.55,97.89640658,50.34013662,140.5991161,1.436203033,2.79298241
case,Apr-22,all_ages,31905,27083727,14491,24354958,58174,41375793.55,117.8013646,59.49917877,140.5991161,1.193527057,2.363042969
case,Apr-22,all_ages,51108,36762220,28720,43154909,58174,41375793.55,139.0231602,66.55094557,140.5991161,1.011335923,2.11265392
case,Apr-22,17-Dec,3185,2506753,5533,7665262,5884,6522240,127.0567942,72.18279036,90.21440487,0.710032119,1.249804897
case,Apr-22,18-49,53892,25402129,34570,39687822,45367,25140747,212.1554457,87.1048051,180.4520765,0.850565376,2.071666153
case,Apr-22,50-64,27797,18491647,12120,16153486,13096,6557069.700000001,150.3219264,75.03024425,199.7233612,1.328637584,2.661904718
case,Apr-22,65+,26909,22032912,7635,11009057,9806,3025499,122.1309285,69.351989,324.1118242,2.653806273,4.673432282
case,Apr-22,all_ages,111783,68433441,59858,74515627,74153,41245555.7,163.3455784,80.32945895,179.7842185,1.100637191,2.238085765
case,Apr-22,all_ages,4948,4052681,4486,7248079,74153,41245555.7,122.0920176,61.89226138,179.7842185,1.47253049,2.904793176
case,Apr-22,all_ages,40748,27282440,18331,24229299,74153,41245555.7,149.3561426,75.65633657,179.7842185,1.203728319,2.376327307
case,Apr-22,all_ages,65970,37040333,37008,42995637,74153,41245555.7,178.1031504,86.07384977,179.7842185,1.009438733,2.088720547
case,May-22,17-Dec,4408,2535081,7859,7652372,8473,6508327,173.8800456,102.7001824,130.1870665,0.748717692,1.267642019
case,May-22,18-49,69731,25518814,44209,39625506,58816,25071498,273.2532946,111.5670296,234.5930826,0.858518771,2.102709765
case,May-22,50-64,36283,18598988,16032,16080150,17279,6536149.700000002,195.0805065,99.7005625,264.3605302,1.355135553,2.651545022
case,May-22,65+,33528,22206657,9335,10904791,12178,3007291.3,150.9817529,85.60457509,404.9491315,2.682106438,4.730461322
case,May-22,all_ages,143950,68859540,77435,74262819,96746,41123266,209.0487389,104.2715602,235.2585517,1.125376565,2.256210143
case,May-22,all_ages,6474,4074670,5747,7233901,96746,41123266,158.8840323,79.44537809,235.2585517,1.480693486,2.961261654
case,May-22,all_ages,52943,27448474,23628,24125212,96746,41123266,192.8813966,97.93903573,235.2585517,1.219705766,2.40209177
case,May-22,all_ages,84346,37278136,48003,42861330,96746,41123266,226.2613131,111.996058,235.2585517,1.039764812,2.100596717
case,May-22,17-Dec,5380,2558784,9942,7644377,11445,6491525,210.2561217,130.05638,176.3068,0.838533493,1.355618233
case,May-22,18-49,81393,25631819,53609,39566546,73802,25003003,317.546718,135.4907249,295.1725439,0.929540528,2.178544281
case,May-22,50-64,44477,18701415,19675,16009957,22584,6515402.700000001,237.8269238,122.8922726,346.6247758,1.457466507,2.820557944
case,May-22,65+,40341,22362855,11432,10809067,15668,2989775.3,180.3928881,105.7630598,524.0527608,2.905063311,4.954969736
case,May-22,all_ages,171591,69254873,94658,74029947,123499,40999706,247.7674026,127.8644708,301.2192331,1.21573391,2.355769598
case,May-22,all_ages,7952,4095261,6884,7220934,123499,40999706,194.1756582,95.33392772,301.2192331,1.551271853,3.159622606
case,May-22,all_ages,63217,27603650,28516,24027233,123499,40999706,229.0168148,118.6819972,301.2192331,1.315271254,2.538036435
case,May-22,all_ages,100244,37497495,59177,42739582,123499,40999706,267.3351913,138.459473,301.2192331,1.126747405,2.175504692
case,May-22,17-Dec,6130,2583970,10799,7632641,12570,6474739,237.2318564,141.4844482,194.1390997,0.818351728,1.372158581
case,May-22,18-49,87924,25742057,59454,39509524,83702,24929615,341.5577862,150.4801728,335.7532798,0.983005785,2.231212747
case,May-22,50-64,48407,18795789,22172,15946861,26416,6493119.700000002,257.5417292,139.0367672,406.8306334,1.579668797,2.926065109
case,May-22,65+,43825,22498491,13131,10727698,18033,2972168.3,194.7908418,122.4027746,606.7287643,3.114770483,4.956821987
case,May-22,all_ages,186286,69620307,105556,73816724,140721,40869642,267.5742295,142.9974053,344.3166936,1.286808129,2.407852736
case,May-22,all_ages,8498,4115206,7589,7208453,140721,40869642,206.5024205,105.2791771,344.3166936,1.667373645,3.270510874
case,May-22,all_ages,68312,27743390,32066,23941334,140721,40869642,246.2280204,133.9357281,344.3166936,1.398365194,2.570760607
case,May-22,all_ages,109287,37703024,65808,42624918,140721,40869642,289.8626911,154.3885668,344.3166936,1.187861371,2.230195543
case,May-22,17-Dec,6153,2611261,10723,7618572,11652,6459128,235.6332822,140.7481612,180.3958677,0.765578895,1.281692536
case,May-22,18-49,87568,25852566,60799,39448623,84888,24860592,338.7207289,154.1219829,341.4560683,1.0080755,2.215492312
case,May-22,50-64,48364,18889041,22857,15883609,26802,6470624.700000001,256.042644,143.9030638,414.210393,1.617739868,2.878398708
case,May-22,65+,44310,22626395,13653,10649612,18369,2955330.3,195.8332293,128.2018537,621.5548902,3.173898998,4.848251972
case,May-22,all_ages,186395,69979263,108032,73600416,141711,40745675,266.3574779,146.7817791,347.7939683,1.305741333,2.369462821
case,May-22,all_ages,8355,4135061,7482,7194591,141711,40745675,202.052642,103.9947928,347.7939683,1.72130374,3.344340222
case,May-22,all_ages,68556,27879799,33065,23855123,141711,40745675,245.8984729,138.6075435,347.7939683,1.41438035,2.509199423
case,May-22,all_ages,109307,37905531,67389,42508857,141711,40745675,288.3668877,158.5293154,347.7939683,1.2060815,2.193877942
case,Jun-22,17-Dec,5061,2643401,8189,7599962,9002,6445430,191.4578984,107.7505388,139.6648478,0.729480732,1.296187002
case,Jun-22,18-49,83555,25968224,59223,39382958,87269,24804301,321.7586232,150.3772266,351.830112,1.093459776,2.339650225
case,Jun-22,50-64,46352,18988624,22152,15815775,26948,6453318.700000002,244.1040488,140.0626906,417.5835915,1.710678678,2.981404897
case,Jun-22,65+,44014,22755361,13904,10570306,19053,2943334.3,193.4225522,131.5382923,647.3270807,3.346699097,4.921206362
case,Jun-22,all_ages,178982,70355610,103468,73369001,142272,40646384,254.3962024,141.0241363,350.0237561,1.375900084,2.482013116
case,Jun-22,all_ages,7950,4154846,7388,7180422,142272,40646384,191.342832,102.8908886,350.0237561,1.829301639,3.401892635
case,Jun-22,all_ages,67275,28021164,32746,23765469,142272,40646384,240.0863861,137.7881497,350.0237561,1.457907555,2.54030377
case,Jun-22,all_ages,103599,38120515,63234,42381459,142272,40646384,271.7670525,149.2020367,350.0237561,1.287955081,2.345971703
case,Jun-22,11-May,120,112089,7627,5463642,12080,13544691,107.0577844,139.5955299,89.1862354,0.833066328,0.638890339
case,Jun-22,17-Dec,4470,2682452,7015,7575232,7916,6430983,166.6385829,92.60442453,123.091602,0.738674081,1.329219448
case,Jun-22,18-49,79048,26084832,59298,39315097,88238,24739222,303.0420131,150.8275561,356.6724936,1.176973747,2.36477009
case,Jun-22,50-64,46160,19088778,22599,15748754,27550,6433715.700000002,241.8174699,143.4970665,428.212891,1.770810402,2.984122961
case,Jun-22,65+,44233,22875681,14167,10498343,19663,2929221.3,193.3625495,134.9451051,671.2705523,3.471564447,4.974397194
case,Jun-22,all_ages,174031,70843832,110706,78601068,155447,54077833,245.6544135,140.8454145,287.4504975,1.1701418,2.040893547
case,Jun-22,all_ages,8047,4175265,7460,7166062,155447,54077833,192.7302818,104.1018065,287.4504975,1.491465144,2.761244085
case,Jun-22,all_ages,65811,28156284,33053,23682467,155447,54077833,233.7346789,139.5673854,287.4504975,1.229815357,2.059582162
case,Jun-22,all_ages,100028,38452995,70009,47709549,155447,54077833,260.1305828,146.7400163,287.4504975,1.105023848,1.958910082
case,Jun-22,11-May,227,195359,6113,5404097,10796,13516590,116.196336,113.1178807,79.87221629,0.687390145,0.706097177
case,Jun-22,17-Dec,3690,2720859,5566,7549758,7221,6415586,135.6189351,73.72421739,112.5540208,0.829928511,1.526689937
case,Jun-22,18-49,74474,26178806,57122,39263509,88058,24678649,284.4820348,145.4836856,356.81856,1.254274493,2.452636242
case,Jun-22,50-64,44547,19164022,22167,15697966,28171,6416536.700000002,232.4512047,141.2093771,439.0374639,1.88872957,3.109124005
case,Jun-22,65+,44360,22958181,14235,10446793,20176,2917898.3,193.2208828,136.2619131,691.4565871,3.578581037,5.074467042
case,Jun-22,all_ages,167298,71217227,105203,78362123,154422,53945260,234.9122636,134.2523607,286.2568463,1.218569188,2.132229518
case,Jun-22,all_ages,7615,4190282,7192,7155055,154422,53945260,181.7300124,100.5163482,286.2568463,1.575176507,2.84786357
case,Jun-22,all_ages,64241,28256813,32793,23618324,154422,53945260,227.3469411,138.8455845,286.2568463,1.25911897,2.061692112
case,Jun-22,all_ages,95334,38710603,65036,47545740,154422,53945260,246.2736114,136.7861768,286.2568463,1.1623529,2.092732269
case,Jun-22,11-May,377,281041,6068,5343775,11336,13488153,134.1441284,113.5526851,84.04412376,0.626521077,0.740133302
case,Jun-22,17-Dec,3901,2762598,5619,7521843,7401,6401394,141.2076603,74.70243662,115.6154425,0.818761831,1.547679671
case,Jun-22,18-49,80286,26279517,61826,39209118,95212,24622357.2,305.507898,157.6827104,386.6892159,1.265725758,2.452324766
case,Jun-22,50-64,47668,19243561,24285,15643470,29373,6400408.700000002,247.708831,155.2404933,458.9238184,1.852674434,2.956212059
case,Jun-22,65+,48286,23043679,15535,10392575,20975,2907385.3,209.5411935,149.4817213,721.4386067,3.442944057,4.826266384
case,Jun-22,all_ages,180518,71610396,113333,78110781,164297,53819698.199999996,252.0835103,145.0926473,305.2729865,1.210999427,2.103986605
case,Jun-22,all_ages,8172,4206999,7782,7143442,164297,53819698.199999996,194.2477286,108.9390801,305.2729865,1.571565282,2.802235766
case,Jun-22,all_ages,69661,28361913,35761,23550585,164297,53819698.2,245.6146029,151.847608,305.2729865,1.242894286,2.010390486
case,Jun-22,all_ages,102534,38981817,69556,47374053,164297,53819698.199999996,263.0303251,146.8229877,305.2729865,1.160599966,2.079190672
case,Jun-22,11-May,495,349943,5842,5300383,12966,13460438,141.4516078,110.2184503,96.32673172,0.680987181,0.87396195
case,Jun-22,17-Dec,4032,2802118,5827,7495397,8242,6387749,143.8911566,77.7410456,129.0282383,0.896707215,1.659718329
case,Jun-22,18-49,84034,26372065,65238,39161331,106240,24567748.2,318.6477813,166.5878006,432.4368645,1.357099876,2.595849534
case,Jun-22,50-64,51164,19314159,25111,15595122,32690,6385345.700000002,264.9041048,161.0182979,511.9534875,1.9325993,3.179473974
case,Jun-22,65+,52612,23118896,16515,10343341,24035,2897521.3,227.5714204,159.6679448,829.5020989,3.645018771,5.195169888
case,Jun-22,all_ages,192337,71957181,118533,77895574,184173,53698802.199999996,267.293684,152.1691078,342.9741306,1.283135933,2.253901173
case,Jun-22,all_ages,8700,4221756,7823,7133407,184173,53698802.199999996,206.0753866,109.6670918,342.9741306,1.664313901,3.127411561
case,Jun-22,all_ages,75419,28455489,38141,23490187,184173,53698802.199999996,265.04201,162.3699292,342.9741306,1.294036861,2.112300796
case,Jun-22,all_ages,108113,39220059,72340,47229229,184173,53698802.199999996,275.657413,153.1678614,342.9741306,1.244204271,2.239204279
case,Jul-22,11-May,603,412242,5656,5262046,13550,13435754,146.2733055,107.4867076,100.8503133,0.689464923,0.938258465
case,Jul-22,17-Dec,3766,2839435,5771,7470556,8882,6376069,132.6320201,77.24993963,139.3021311,1.050290352,1.803265243
case,Jul-22,18-49,84489,26459078,68488,39114900,110892,24522839.2,319.3195167,175.0944014,452.1988628,1.416132867,2.582600353
case,Jul-22,50-64,52765,19378921,26193,15550436,34170,6371359.700000002,272.2803813,168.4390071,536.3062456,1.969683761,3.183978906
case,Jul-22,65+,54930,23185268,17700,10299274,25113,2888988.3,236.9176841,171.8567736,869.2662411,3.669064402,5.058085421
case,Jul-22,all_ages,196553,72274944,123808,77697212,192607,53595010.199999996,271.9517846,159.346773,359.3748733,1.321465398,2.255300604
case,Jul-22,all_ages,8933,4235848,8390,7123825,192607,53595010.199999996,210.8904758,117.7738083,359.3748733,1.704082994,3.051398935
case,Jul-22,all_ages,76876,28540252,40157,23434952,192607,53595010.199999996,269.3599202,171.3551622,359.3748733,1.334180947,2.097251514
case,Jul-22,all_ages,110624,39438879,75003,47095956,192607,53595010.199999996,280.4947879,159.2557119,359.3748733,1.281217651,2.256590166
case,Jul-22,11-May,616,468935,5919,5229136,15990,13403669,131.3614893,113.1926957,119.2956943,0.908148156,1.053916895
case,Jul-22,17-Dec,4039,2875142,6406,7447330,10236,6361554,140.480018,86.0174049,160.904081,1.145387673,1.870599109
case,Jul-22,18-49,85127,26542370,73011,39071761,122263,24463758.2,320.7211715,186.863858,499.7719443,1.558275501,2.674524381
case,Jul-22,50-64,55346,19439618,28574,15507674,37537,6352019.700000002,284.7072406,184.257162,590.9459002,2.075626524,3.207180084
case,Jul-22,65+,58717,23245159,19152,10258938,27367,2875596.3,252.5988314,186.6859903,951.6982617,3.767627333,5.097855817
case,Jul-22,all_ages,203845,72571224,133062,77514839,213393,53456597.199999996,280.8895713,171.6600353,399.1892698,1.421160878,2.325464218
case,Jul-22,all_ages,9374,4248947,9089,7114621,213393,53456597.199999996,220.6193676,127.7510074,399.1892698,1.809402656,3.124744594
case,Jul-22,all_ages,80960,28619590,43482,23381600,213393,53456597.199999996,282.883158,185.9667431,399.1892698,1.411145409,2.146562676
case,Jul-22,all_ages,113345,39642554,80236,46976048,213393,53456597.199999996,285.9175017,170.8019372,399.1892698,1.39616941,2.337147203
case,Jul-22,11-May,730,511939,5939,5206688,16941,13368813,142.5951139,114.0648335,126.7203004,0.888672108,1.110949769
case,Jul-22,17-Dec,3736,2904651,6274,7428270,10510,6346905,128.6213042,84.46111948,165.5925211,1.287442403,1.960576915
case,Jul-22,18-49,80194,26613821,71153,39036216,121475,24407425.2,301.3246388,182.274327,497.6969058,1.651696681,2.730482751
case,Jul-22,50-64,54042,19494952,27861,15468381,38136,6331731.700000002,277.2102234,180.1158117,602.2996837,2.172718149,3.343957856
case,Jul-22,65+,59161,23297406,18766,10222712,27939,2861637.3,253.9381423,183.5716393,976.3291805,3.844752,5.318518613
case,Jul-22,all_ages,197863,72822769,129993,77362267,215001,53316512.199999996,271.7048565,168.0315289,403.2540598,1.484162135,2.399871396
case,Jul-22,all_ages,9256,4260040,9097,7107330,215001,53316512.199999996,217.2749552,127.9946196,403.2540598,1.855961998,3.150554773
case,Jul-22,all_ages,79103,28689433,42378,23334985,215001,53316512.199999996,275.7217265,181.6071448,403.2540598,1.462540021,2.220474642
case,Jul-22,all_ages,109361,39813096,78270,46877637,215001,53316512.199999996,274.6859978,166.9666071,403.2540598,1.468054663,2.415177901
case,Jul-22,11-May,626,562399,5328,5179940,16410,13332711,111.308875,102.8583343,123.0807448,1.105758591,1.196604492
case,Jul-22,17-Dec,3315,2940966,5887,7403388,10010,6331935,112.7180661,79.51764787,158.0875356,1.402503974,1.988081135
case,Jul-22,18-49,71496,26702897,64671,38987913,112699,24353449.2,267.7462299,165.8744853,462.7640178,1.728368007,2.789844485
case,Jul-22,50-64,48707,19577431,25758,15407927,35788,6314602.700000002,248.7915805,167.1736892,566.7498289,2.278010485,3.39018557
case,Jul-22,65+,54315,23380547,17801,10163848,26738,2850184.3,232.3085084,175.1403602,938.1147738,4.038228217,5.356359737
case,Jul-22,all_ages,178459,73164240,119445,77143016,201645,53182882.199999996,243.9156069,154.8357923,379.1539527,1.554447284,2.448748749
case,Jul-22,all_ages,8416,4274634,8244,7097062,201645,53182882.199999996,196.882353,116.1607437,379.1539527,1.925789422,3.264045499
case,Jul-22,all_ages,71607,28793069,39239,23263290,201645,53182882.199999996,248.6952676,168.6734765,379.1539527,1.524572447,2.247857579
case,Jul-22,all_ages,98296,40036192,71757,46740480,201645,53182882.199999996,245.5178554,153.5221718,379.1539527,1.544302967,2.469701596
case,Aug-22,11-May,630,617766,4745,5151404,15382,13295421,101.9803615,92.11081096,115.6939671,1.134473005,1.256030274
case,Aug-22,17-Dec,3023,2980539,5201,7376044,9398,6316897,101.4246081,70.51205226,148.7755776,1.466858787,2.10993118
case,Aug-22,18-49,62414,26805071,56693,38931454,99940,24300862.2,232.8440018,145.6226115,411.261128,1.76625176,2.824157072
case,Aug-22,50-64,42819,19673611,22477,15340688,31645,6299664.700000002,217.6468773,146.5188523,502.3283223,2.307996919,3.428421082
case,Aug-22,65+,48613,23481439,15733,10094338,24241,2840918.3,207.0273462,155.8596512,853.280434,4.12158321,5.474671779
case,Aug-22,all_ages,157499,73558426,104849,76893928,180606,53053763.199999996,214.1141519,136.35537,340.420715,1.589902918,2.496569919
case,Aug-22,all_ages,7453,4291528,7370,7084208,180606,53053763.199999996,173.6677472,104.0342124,340.420715,1.960183859,3.272199664
case,Aug-22,all_ages,63436,28914797,34550,23180883,180606,53053763.199999996,219.3894012,149.0452283,340.420715,1.551673477,2.284009483
case,Aug-22,all_ages,86482,40291547,62757,46586479,180606,53053763.199999996,214.6405548,134.7107602,340.420715,1.586003704,2.527049172
case,Aug-22,11-May,608,673145,4648,5121909,18657,13260201,90.32229312,90.74741469,140.6992247,1.557746375,1.55044885
case,Aug-22,17-Dec,2843,3018754,5694,7348523,11752,6302495,94.17792904,77.48495854,186.4658361,1.979931371,2.406477846
case,Aug-22,18-49,53266,26889547,48939,38884190,88080,24250011.2,198.0918459,125.8583501,363.2163271,1.833575357,2.885913622
case,Aug-22,50-64,37328,19746950,19524,15289101,27909,6286678.700000002,189.0317239,127.6988098,443.9387049,2.34848784,3.476451391
case,Aug-22,65+,43496,23558183,14034,10043017,21679,2832940.9,184.6322359,139.7388852,765.2471677,4.144710506,5.47626501
case,Aug-22,all_ages,137541,73886579,92839,76686740,168077,52932326.8,186.1515337,121.0626505,317.5318565,1.705770832,2.622872168
case,Aug-22,all_ages,6385,4305665,6366,7074292,168077,52932326.8,148.2930047,89.98780373,317.5318565,2.14124636,3.528609916
case,Aug-22,all_ages,55823,29008801,30157,23119092,168077,52932326.8,192.4347028,130.4419741,317.5318565,1.650075854,2.434276687
case,Aug-22,all_ages,75231,40511467,56095,46450422,168077,52932326.8,185.7029764,120.7631655,317.5318565,1.709891046,2.629376724
case,Aug-22,11-May,626,729324,4999,5093015,23638,13232006,85.83290828,98.15404039,178.6426034,2.081283356,1.820022922
case,Aug-22,17-Dec,2989,3057293,6888,7321618,15973,6290314,97.76622653,94.07756592,253.93009,2.597319125,2.699156675
case,Aug-22,18-49,46477,26965968,42417,38844710,77508,24203152.2,172.35428,109.1963359,320.2392786,1.858029163,2.932692531
case,Aug-22,50-64,32859,19801786,17147,15251258,24972,6275309.700000002,165.9395774,112.4300697,397.9405192,2.398104934,3.53944919
case,Aug-22,65+,39491,23611575,12244,10007485,19839,2826254.9,167.252714,122.3484222,701.9536702,4.196964303,5.737333245
case,Aug-22,all_ages,122442,74165946,83695,76518086,161930,52827036.8,165.0919413,109.3793695,306.5286448,1.856714764,2.802435654
case,Aug-22,all_ages,5675,4317275,5548,7066281,161930,52827036.8,131.4486569,78.51371889,306.5286448,2.331926793,3.904141202
case,Aug-22,all_ages,49220,29079631,26390,23073732,161930,52827036.8,169.2593692,114.3724821,306.5286448,1.81099957,2.680090868
case,Aug-22,all_ages,67444,40708222,51507,46334395,161930,52827036.8,165.6766046,111.1636399,306.5286448,1.850162523,2.757454192
case,Aug-22,11-May,615,781465,4779,5069188,21407,13204749,78.69834222,94.27545398,162.1159175,2.059966106,1.719598376
case,Aug-22,17-Dec,3245,3091974,7720,7298000,18441,6279114,104.9491361,105.7824061,293.6879311,2.798383504,2.776340054
case,Aug-22,18-49,43361,27034464,40262,38812541,72239,24159066.2,160.3915654,103.734512,299.0140405,1.864275343,2.882493346
case,Aug-22,50-64,30605,19846763,15909,15220648,22566,6264977.700000002,154.2065071,104.5224881,360.1928224,2.335782251,3.446079679
case,Aug-22,65+,37167,23653781,11601,9979182,17675,2820447.9,157.1292133,116.2520134,626.6735152,3.988268649,5.39064655
case,Aug-22,all_ages,114993,74408447,80271,76379559,152328,52728354.8,154.5429378,105.0948723,288.8920024,1.869331633,2.748868675
case,Aug-22,all_ages,5107,4327672,5210,7059963,152328,52728354.8,118.0080191,73.79642075,288.8920024,2.448070941,3.914715639
case,Aug-22,all_ages,46159,29138664,24938,23037781,152328,52728354.8,158.4115181,108.2482727,288.8920024,1.823680537,2.668790875
case,Aug-22,all_ages,63630,40881244,49769,46237661,152328,52728354.8,155.6459485,107.6373651,288.8920024,1.856084306,2.683937887
case,Aug-22,11-May,568,824427,3453,5052542,14348,13182293,68.89633649,68.34183664,108.842976,1.57980789,1.592625854
case,Aug-22,17-Dec,3001,3119022,6728,7280907,14816,6269736,96.21605747,92.40606974,236.3097904,2.456032773,2.557297276
case,Aug-22,18-49,38413,27097644,34262,38784169,62240,24120297.2,141.7577115,88.34016787,258.0399382,1.820288544,2.920980846
case,Aug-22,50-64,26645,19885296,13714,15194514,19380,6257203.700000002,133.9934794,90.2562596,309.7230157,2.311478268,3.431595959
case,Aug-22,65+,34027,23690350,10362,9954329,15953,2816945.9,143.6323229,104.0954142,566.3225552,3.942862887,5.440417907
case,Aug-22,all_ages,102654,74616739,68519,76266461,126737,52646475.8,137.5750286,89.84158843,240.7321631,1.749824555,2.679518109
case,Aug-22,all_ages,4662,4336815,4557,7054149,126737,52646475.8,107.4982447,64.60027992,240.7321631,2.239405526,3.726487926
case,Aug-22,all_ages,41083,29190124,21151,23007203,126737,52646475.8,140.7428074,91.93207884,240.7321631,1.710440253,2.618587181
case,Aug-22,all_ages,56821,41028775,42572,46160075,126737,52646475.8,138.4906081,92.22688655,240.7321631,1.738256236,2.61021674
case,Sep-22,11-May,413,862466,2489,5039649,9195,13166571,47.88594565,49.38836018,69.83595045,1.458380941,1.414016384
case,Sep-22,17-Dec,2157,3141148,4309,7268103,8742,6263904,68.66916172,59.28644655,139.5615258,2.032375558,2.354020758
case,Sep-22,18-49,32318,27151870,27230,38762447,47485,24092043.2,119.0267926,70.24840305,197.0982685,1.655915145,2.805733084
case,Sep-22,50-64,22817,19917970,11026,15172578,15553,6252119.700000002,114.5548467,72.67057714,248.7636313,2.17156793,3.423168511
case,Sep-22,65+,30221,23719779,8784,9934372,13798,2813714.9,127.4084383,88.42028464,490.3837272,3.848910901,5.546054609
case,Sep-22,all_ages,87926,74793233,53838,76177149,94773,52588352.8,117.5587636,70.67473738,180.2167114,1.532992572,2.549945257
case,Sep-22,all_ages,3944,4345046,3674,7049058,94773,52588352.8,90.77004018,52.12043936,180.2167114,1.985420642,3.457697472
case,Sep-22,all_ages,35352,29233088,17301,22982577,94773,52588352.8,120.9314596,75.27876443,180.2167114,1.490238454,2.393991357
case,Sep-22,all_ages,48547,41153982,32713,46099259,94773,52588352.8,117.9642835,70.96209507,180.2167114,1.527722681,2.539619373
case,Sep-22,11-May,503,893769,2742,5030890,8984,13149310,56.27852387,54.50327874,68.32297664,1.21401508,1.253557184
case,Sep-22,17-Dec,2306,3156889,4138,7260515,7895,6256861,73.04659746,56.99320227,126.181483,1.727410823,2.213974263
case,Sep-22,18-49,30045,27192172,23507,38751715,41866,24055972.2,110.4913576,60.66054109,174.0357848,1.57510767,2.869011414
case,Sep-22,50-64,21999,19941671,9987,15157481,14123,6244320.700000002,110.3167332,65.88825676,226.1735212,2.050219532,3.432683338
case,Sep-22,65+,28889,23740649,8027,9920732,12770,2807516.9,121.6858056,80.91136823,454.8503341,3.737907899,5.621587473
case,Sep-22,all_ages,83742,74925150,48401,76121333,85638,52513980.8,111.767544,63.58401527,163.0765726,1.459069124,2.564741655
case,Sep-22,all_ages,3761,4351612,3462,7045302,85638,52513980.8,86.42774218,49.13912846,163.0765726,1.88685448,3.31867043
case,Sep-22,all_ages,33643,29264867,15192,22966894,85638,52513980.8,114.9603721,66.14738589,163.0765726,1.41854597,2.465351735
case,Sep-22,all_ages,46257,41247474,29667,46061266,85638,52513980.8,112.1450492,64.40769561,163.0765726,1.454157573,2.531942356
case,Sep-22,11-May,385,912333,2194,5028819,7004,13135626,42.19950391,43.62853386,53.32064113,1.263537155,1.222150653
case,Sep-22,17-Dec,1993,3163598,3544,7259298,6858,6251173,62.99789038,48.82014762,109.7074101,1.741445776,2.247174895
case,Sep-22,18-49,26808,27233137,20178,38733909,36822,24023584.2,98.43889817,52.09389014,153.2743811,1.557050962,2.942271746
case,Sep-22,50-64,20198,19962589,8784,15140957,13660,6236764.700000002,101.1792609,58.01482694,219.0238153,2.164710569,3.775307571
case,Sep-22,65+,27338,23763939,7105,9901182,12407,2800089.9,115.0398509,71.75910917,443.0929164,3.851647171,6.174727105
case,Sep-22,all_ages,76722,75035596,41805,76064165,76751,52447237.8,102.247472,54.96017737,146.3394513,1.431228063,2.662645178
case,Sep-22,all_ages,3356,4355939,3039,7043196,76751,52447237.8,77.04423776,43.14802541,146.3394513,1.899421105,3.391567745
case,Sep-22,all_ages,30803,29301545,13088,22942002,76751,52447237.8,105.1241496,57.04820355,146.3394513,1.392063116,2.565189474
case,Sep-22,all_ages,42479,41316940,25617,46028188,76751,52447237.8,102.812551,55.655026,146.3394513,1.423361738,2.629402262
